{
  "metadata": {
    "spec-version": "1.5"
  },
  "display-name": "Aurora DB PostgreSQL",
  "configuration-groups": [
    {
      "label": "Basic",
      "properties": [
        {
          "widget-type": "textbox",
          "label": "Reference Name",
          "name": "referenceName",
          "widget-attributes": {
            "placeholder": "Name used to identify this sink for lineage"
          }
        },
        {
          "widget-type": "textbox",
          "label": "Driver Name",
          "name": "jdbcPluginName",
          "widget-attributes": {
            "default": "postgresql"
          }
        },
        {
          "widget-type": "textbox",
          "label": "Cluster Endpoint",
          "name": "host"
        },
        {
          "widget-type": "number",
          "label": "Port",
          "name": "port",
          "widget-attributes": {
            "default": "5432"
          }
        },
        {
          "widget-type": "textbox",
          "label": "Database",
          "name": "database"
        },
        {
          "widget-type": "textbox",
          "label": "Table Name",
          "name": "tableName"
        },
        {
          "widget-type": "hidden",
          "label": "Schema Name",
          "name": "dbSchemaName"
        }
      ]
    },
    {
      "label": "Credentials",
      "properties": [
        {
          "widget-type": "textbox",
          "label": "Username",
          "name": "user"
        },
        {
          "widget-type": "password",
          "label": "Password",
          "name": "password"
        }
      ]
    },
    {
      "label": "Advanced",
      "properties": [
        {
          "widget-type": "keyvalue",
          "label": "Connection Arguments",
          "name": "connectionArguments",
          "widget-attributes": {
            "showDelimiter": "false",
            "key-placeholder": "Key",
            "value-placeholder": "Value",
            "kv-delimiter": "=",
            "delimiter": ";"
          }
        },
        {
          "widget-type": "number",
          "label": "Connection Timeout",
          "name": "connectionTimeout",
          "widget-attributes": {
            "default": "100"
          }
        }
      ]
    }
  ],
  "outputs": [],
  "jump-config": {
    "datasets": [
      {
        "ref-property-name": "referenceName"
      }
    ]
  }
}
