{
  "metadata": {
    "spec-version": "1.0"
  },
  "display-name": "Oracle",
  "configuration-groups": [
    {
      "label": "Basic",
      "properties": [
        {
          "widget-type": "plugin-list",
          "label": "JDBC Driver name",
          "name": "jdbcPluginName",
          "widget-attributes": {
            "plugin-type": "jdbc"
          }
        },
        {
          "widget-type": "textbox",
          "label": "Host",
          "name": "host",
          "widget-attributes": {
            "default": "localhost"
          }
        },
        {
          "widget-type": "number",
          "label": "Port",
          "name": "port",
          "widget-attributes": {
            "default": "1521"
          }
        },
        {
          "name": "connectionType",
          "label": "Connection Type",
          "widget-type": "radio-group",
          "widget-attributes": {
            "layout": "inline",
            "default": "SID",
            "options": [
              {
                "id": "SID",
                "label": "SID"
              },
              {
                "id": "service",
                "label": "Service Name"
              },
              {
                "id": "TNS",
                "label": "TNS Connect Descriptor"
              }
            ]
          }
        },
        {
          "widget-type": "textbox",
          "label": "SID/Service Name/TNS Connect Descriptor",
          "description": "Oracle connection point (Database name, Service name, or TNS Connect Descriptor)",
          "name": "database"
        }
      ]
    },
    {
      "label": "Credentials",
      "properties": [
        {
          "widget-type": "textbox",
          "label": "Username",
          "name": "user"
        },
        {
          "widget-type": "password",
          "label": "Password",
          "name": "password"
        },
        {
          "label": "Role",
          "name": "role",
          "widget-type": "radio-group",
          "widget-attributes": {
            "layout": "inline",
            "default": "normal",
            "options": [
              {
                "id": "normal",
                "label": "Normal"
              },
              {
                "id": "sysdba",
                "label": "SYSDBA"
              },
              {
                "id": "sysoper",
                "label": "SYSOPER"
              }
            ]
          }
        },
        {
          "widget-type": "select",
          "label": "Transaction Isolation Level",
          "name": "transactionIsolationLevel",
          "widget-attributes": {
            "values": [
              "TRANSACTION_READ_COMMITTED",
              "TRANSACTION_SERIALIZABLE"
            ],
            "default": "TRANSACTION_SERIALIZABLE"
          }
        }
      ]
    },
    {
      "label": "Advanced",
      "properties": [
        {
          "widget-type": "keyvalue",
          "label": "Connection Arguments",
          "name": "connectionArguments",
          "widget-attributes": {
            "showDelimiter": "false",
            "key-placeholder": "Key",
            "value-placeholder": "Value",
            "kv-delimiter": "=",
            "delimiter": ";"
          }
        }
      ]
    }
  ],
  "filters" : [
    {
      "name": "showIsolationLevels",
      "condition": {
        "expression": "role  == 'normal'"
      },
      "show": [
        {
          "type": "property",
          "name": "transactionIsolationLevel"
        }
      ]
    }
  ],
  "outputs": []
}
