{
  "metadata": {
    "spec-version": "1.5"
  },
  "display-name": "Oracle",
  "configuration-groups": [
    {
      "label": "Connection",
      "properties": [
        {
          "widget-type": "toggle",
          "label": "Use connection",
          "name": "useConnection",
          "widget-attributes": {
            "on": {
              "value": "true",
              "label": "YES"
            },
            "off": {
              "value": "false",
              "label": "NO"
            },
            "default": "false"
          }
        },
        {
          "widget-type": "connection-select",
          "label": "Connection",
          "name": "connection",
          "widget-attributes": {
            "connectionType": "Oracle"
          }
        },
        {
          "widget-type": "plugin-list",
          "label": "JDBC Driver name",
          "name": "jdbcPluginName",
          "widget-attributes": {
            "plugin-type": "jdbc"
          }
        },
        {
          "widget-type": "textbox",
          "label": "Host",
          "name": "host",
          "widget-attributes": {
            "default": "localhost"
          }
        },
        {
          "widget-type": "number",
          "label": "Port",
          "name": "port",
          "widget-attributes": {
            "default": "1521"
          }
        },
        {
          "widget-type": "textbox",
          "label": "Username",
          "name": "user"
        },
        {
          "widget-type": "password",
          "label": "Password",
          "name": "password"
        },
        {
          "label": "Role",
          "name": "role",
          "widget-type": "radio-group",
          "widget-attributes": {
            "layout": "inline",
            "default": "normal",
            "options": [
              {
                "id": "normal",
                "label": "Normal"
              },
              {
                "id": "sysdba",
                "label": "SYSDBA"
              },
              {
                "id": "sysoper",
                "label": "SYSOPER"
              }
            ]
          }
        },
        {
          "widget-type": "select",
          "label": "Transaction Isolation Level",
          "name": "transactionIsolationLevel",
          "widget-attributes": {
            "values": [
              "TRANSACTION_READ_COMMITTED",
              "TRANSACTION_SERIALIZABLE"
            ],
            "default": "TRANSACTION_SERIALIZABLE"
          }
        },
        {
          "name": "connectionType",
          "label": "Connection Type",
          "widget-type": "radio-group",
          "widget-attributes": {
            "layout": "inline",
            "default": "SID",
            "options": [
              {
                "id": "SID",
                "label": "SID"
              },
              {
                "id": "service",
                "label": "Service Name"
              },
              {
                "id": "TNS",
                "label": "TNS Connect Descriptor"
              }
            ]
          }
        },
        {
          "widget-type": "keyvalue",
          "label": "Connection Arguments",
          "name": "connectionArguments",
          "widget-attributes": {
            "showDelimiter": "false",
            "key-placeholder": "Key",
            "value-placeholder": "Value",
            "kv-delimiter" : "=",
            "delimiter" : ";"
          }
        }
      ]
    },
    {
      "label": "Basic",
      "properties": [
        {
          "widget-type": "textbox",
          "label": "Reference Name",
          "name": "referenceName",
          "widget-attributes": {
            "placeholder": "Name used to identify this sink for lineage. Typically, the name of the table/view."
          }
        },
        {
          "widget-type": "textbox",
          "label": "SID/Service Name/TNS Connect Descriptor",
          "description": "Oracle connection point (Database name, Service name, or TNS Connect Descriptor)",
          "name": "database"
        },
        {
          "widget-type": "connection-browser",
          "widget-category": "plugin",
          "widget-attributes": {
            "connectionType": "Oracle",
            "label": "Browse Database"
          }
        },
        {
          "widget-type": "textbox",
          "label": "Table Name",
          "name": "tableName"
        },
        {
          "widget-type": "textbox",
          "label": "Schema Name",
          "name": "dbSchemaName"
        }
      ]
    },
    {
      "label": "Advanced",
      "properties": [
        {
          "widget-type": "number",
          "label": "Default Batch Value",
          "name": "defaultBatchValue",
          "widget-attributes": {
            "default": "10",
            "min": "1"
          }
        }
      ]
    }
  ],
  "outputs": [],
  "filters": [
    {
      "name": "showIsolationLevels",
      "condition": {
        "expression": "role  == 'normal'"
      },
      "show": [
        {
          "type": "property",
          "name": "transactionIsolationLevel"
        }
      ]
    },
    {
      "name": "showConnectionProperties ",
      "condition": {
        "expression": "useConnection == false"
      },
      "show": [
        {
          "type": "property",
          "name": "jdbcPluginName"
        },
        {
          "type": "property",
          "name": "user"
        },
        {
          "type": "property",
          "name": "password"
        },
        {
          "type": "property",
          "name": "host"
        },
        {
          "type": "property",
          "name": "port"
        },
        {
          "type": "property",
          "name": "role"
        },
        {
          "type": "property",
          "name": "connectionType"
        },
        {
          "type": "property",
          "name": "connectionArguments"
        },
        {
          "type": "property",
          "name": "database"
        },
        {
          "type": "property",
          "name": "transactionIsolationLevel"
        }
      ]
    },
    {
      "name": "showConnectionId",
      "condition": {
        "expression": "useConnection == true"
      },
      "show": [
        {
          "type": "property",
          "name": "connection"
        }
      ]
    }
  ],
  "jump-config": {
    "datasets": [
      {
        "ref-property-name": "referenceName"
      }
    ]
  }
}
