{
  "metadata": {
    "spec-version": "1.0"
  },
  "display-name": "SqlServer",
  "configuration-groups": [
    {
      "label": "Basic",
      "properties": [
        {
          "widget-type": "plugin-list",
          "label": "JDBC Driver name",
          "name": "jdbcPluginName",
          "widget-attributes": {
            "plugin-type": "jdbc"
          }
        },
        {
          "widget-type": "textbox",
          "label": "Host",
          "name": "host",
          "widget-attributes": {
            "default": "localhost"
          }
        },
        {
          "widget-type": "number",
          "label": "Port",
          "name": "port",
          "widget-attributes": {
            "default": "1433"
          }
        }
      ]
    },
    {
      "label": "Credentials",
      "properties": [
        {
          "label": "Authentication Type",
          "name": "authenticationType",
          "widget-type": "radio-group",
          "widget-attributes": {
            "layout": "inline",
            "default": "SQL Login",
            "options": [
              {
                "id": "SQL Login",
                "label": "SQL Login"
              },
              {
                "id": "ActiveDirectoryPassword",
                "label": "Active Directory Password"
              }
            ]
          }
        },
        {
          "widget-type": "textbox",
          "label": "Username",
          "name": "user"
        },
        {
          "widget-type": "password",
          "label": "Password",
          "name": "password"
        }
      ]
    },
    {
      "label": "Advanced",
      "properties": [
        {
          "widget-type": "keyvalue",
          "label": "Connection Arguments",
          "name": "connectionArguments",
          "widget-attributes": {
            "showDelimiter": "false",
            "key-placeholder": "Key",
            "value-placeholder": "Value",
            "kv-delimiter": "=",
            "delimiter": ";"
          }
        }
      ]
    }
  ],
  "outputs": []
}
