{
  "metadata": {
    "spec-version": "1.5"
  },
  "display-name": "BigQuery",
  "configuration-groups": [
    {
      "label": "Basic",
      "properties": [
        {
          "name": "project",
          "label": "Project ID",
          "widget-type": "textbox",
          "widget-attributes": {
            "default": "auto-detect"
          }
        }
      ]
    },
    {
      "label": "Credentials",
      "properties": [
        {
          "name": "serviceAccountKey",
          "label": "Service Account Key",
          "widget-type": "securekey-textarea",
          "widget-attributes": {
            "default": "auto-detect"
          }
        }
      ]
    },
    {
      "label" : "Advanced",
      "properties" : [
        {
          "name": "datasetName",
          "label": "Dataset Name",
          "widget-type": "textbox"
        },
        {
          "widget-type": "textbox",
          "label": "Encryption Key Name",
          "name": "encryptionKeyName",
          "widget-attributes" : {
            "placeholder": "projects/<gcp-project-id>/locations/<key-location>/keyRings/<key-ring-name>/cryptoKeys/<key-name>"
          }
        },
        {
          "name": "stagingBucketLocation",
          "label": "Location",
          "widget-type": "textbox",
          "widget-attributes": {
            "default": "us"
          }
        },
        {
          "name": "stagingBucket",
          "label": "Staging Bucket",
          "widget-type": "textbox"
        },
        {
          "name": "loadInterval",
          "label": "Load Interval (seconds)",
          "widget-type": "textbox",
          "widget-attributes": {
            "default": "90"
          }
        },
        {
          "name": "stagingTablePrefix",
          "label": "Staging Table Prefix",
          "widget-type": "textbox",
          "widget-attributes": {
            "default": "_staging_"
          }
        },
        {
          "name": "requireManualDrops",
          "label": "Require Manual Drop Intervention",
          "widget-type": "toggle",
          "widget-attributes": {
            "default": "false",
            "on": {
              "value": "true",
              "label": "True"
            },
            "off": {
              "value": "false",
              "label": "False"
            }
          }
        },
        {
          "name": "softDeletes",
          "label": "Enable Soft Deletes",
          "widget-type": "toggle",
          "widget-attributes": {
            "default": "false",
            "on": {
              "value": "true",
              "label": "Yes"
            },
            "off": {
              "value": "false",
              "label": "No"
            }
          }
        }
      ]
    }
  ],
  "outputs": []
}

