{
  "metadata": {
    "spec-version": "1.0"
  },
  "configuration-groups": [
    {
      "label": "Basic",
      "properties": [
        {
          "widget-type": "select",
          "label": "Run Condition",
          "name": "runCondition",
          "widget-attributes": {
            "values": [
              "completion",
              "success",
              "failure"
            ],
            "default": "success"
          }
        },
        {
          "widget-type": "textbox",
          "label": "Driver Name",
          "name": "jdbcPluginName",
          "widget-attributes": {
            "default": "mysql"
          }
        },
        {
          "widget-type": "textbox",
          "label": "Cluster Endpoint",
          "name": "host"
        },
        {
          "widget-type": "number",
          "label": "Port",
          "name": "port",
          "widget-attributes": {
            "default": "3306"
          }
        },
        {
          "widget-type": "textbox",
          "label": "Database",
          "name": "database"
        },
        {
          "widget-type": "textarea",
          "label": "Query",
          "name": "query",
          "widget-attributes": {
            "rows": "4"
          }
        }
      ]
    },
    {
      "label": "Credentials",
      "properties": [
        {
          "widget-type": "textbox",
          "label": "Username",
          "name": "user"
        },
        {
          "widget-type": "password",
          "label": "Password",
          "name": "password"
        }
      ]
    },
    {
      "label": "Advanced",
      "properties": [
        {
          "widget-type": "keyvalue",
          "label": "Connection Arguments",
          "name": "connectionArguments",
          "widget-attributes": {
            "showDelimiter": "false",
            "key-placeholder": "Key",
            "value-placeholder": "Value",
            "kv-delimiter": "=",
            "delimiter": ";"
          }
        },
        {
          "widget-type": "radio-group",
          "label": "Auto reconnect",
          "name": "autoReconnect",
          "widget-attributes": {
            "layout": "inline",
            "default": "false",
            "options": [
              {
                "id": "true",
                "label": "True"
              },
              {
                "id": "false",
                "label": "False"
              }
            ]
          }
        }
      ]
    }
  ]
}
