{
  "metadata": {
    "spec-version": "1.5"
  },
  "display-name": "CloudSQL PostgreSQL",
  "configuration-groups": [
    {
      "label": "Connection",
      "properties": [
        {
          "widget-type": "toggle",
          "label": "Use connection",
          "name": "useConnection",
          "widget-attributes": {
            "on": {
              "value": "true",
              "label": "YES"
            },
            "off": {
              "value": "false",
              "label": "NO"
            },
            "default": "false"
          }
        },
        {
          "widget-type": "connection-select",
          "label": "Connection",
          "name": "connection",
          "widget-attributes": {
            "connectionType": "CloudSQLPostgreSQL"
          }
        },
        {
          "widget-type": "plugin-list",
          "label": "JDBC Driver name",
          "name": "jdbcPluginName",
          "widget-attributes": {
            "plugin-type": "jdbc"
          }
        },
        {
          "widget-type": "radio-group",
          "label": "CloudSQL Instance Type",
          "name": "instanceType",
          "widget-attributes": {
            "layout": "inline",
            "default": "public",
            "options": [
              {
                "id": "public",
                "label": "Public"
              },
              {
                "id": "private",
                "label": "Private"
              }
            ]
          }
        },
        {
          "widget-type": "textbox",
          "label": "Connection Name",
          "name": "connectionName",
          "widget-attributes": {
            "placeholder": "CloudSQL instance connection name"
          }
        },
        {
          "widget-type": "textbox",
          "label": "Username",
          "name": "user"
        },
        {
          "widget-type": "password",
          "label": "Password",
          "name": "password"
        },
        {
          "widget-type": "keyvalue",
          "label": "Connection Arguments",
          "name": "connectionArguments",
          "widget-attributes": {
            "showDelimiter": "false",
            "key-placeholder": "Key",
            "value-placeholder": "Value",
            "kv-delimiter" : "=",
            "delimiter" : ";"
          }
        }
      ]
    },
    {
      "label": "Basic",
      "properties": [
        {
          "widget-type": "textbox",
          "label": "Reference Name",
          "name": "referenceName",
          "widget-attributes": {
            "placeholder": "Name used to identify this sink for lineage. Typically, the name of the table/view."
          }
        },
        {
          "widget-type": "textbox",
          "label": "Database",
          "name": "database"
        },
        {
          "widget-type": "connection-browser",
          "widget-category": "plugin",
          "widget-attributes": {
            "connectionType": "CloudSQLPostgreSQL",
            "label": "Browse Database"
          }
        },
        {
          "widget-type": "textbox",
          "label": "Table Name",
          "name": "tableName",
          "widget-attributes": {
            "placeholder": "The table to write to"
          }
        },
        {
          "widget-type": "textbox",
          "label": "Schema Name",
          "name": "dbSchemaName"
        }
      ]
    },
    {
      "label": "Advanced",
      "properties":[
        {
          "widget-type": "select",
          "label": "Transaction Isolation Level",
          "name": "transactionIsolationLevel",
          "widget-attributes": {
            "default": "TRANSACTION_READ_COMMITTED",
            "values": [
              "TRANSACTION_READ_COMMITTED",
              "TRANSACTION_READ_UNCOMMITTED",
              "TRANSACTION_REPEATABLE_READ",
              "TRANSACTION_SERIALIZABLE"
            ]
          }
        },
        {
          "widget-type": "number",
          "label": "Connection Timeout",
          "name":"connectionTimeout",
          "widget-attributes": {
            "default": "10"
          }
        }
      ]
    }
  ],
  "outputs": [],
  "filters": [
    {
      "name": "showConnectionProperties ",
      "condition": {
        "expression": "useConnection == false"
      },
      "show": [
        {
          "type": "property",
          "name": "jdbcPluginName"
        },
        {
          "type": "property",
          "name": "instanceType"
        },
        {
          "type": "property",
          "name": "connectionName"
        },
        {
          "type": "property",
          "name": "user"
        },
        {
          "type": "property",
          "name": "password"
        },
        {
          "type": "property",
          "name": "database"
        },
        {
          "type": "property",
          "name": "connectionArguments"
        }
      ]
    },
    {
      "name": "showConnectionId",
      "condition": {
        "expression": "useConnection == true"
      },
      "show": [
        {
          "type": "property",
          "name": "connection"
        }
      ]
    }
  ],
  "jump-config": {
    "datasets": [
      {
        "ref-property-name": "referenceName"
      }
    ]
  }
}
