{
  "metadata": {
    "spec-version": "1.5"
  },
  "display-name": "Database",
  "configuration-groups": [
    {
      "label": "Basic",
      "properties": [
        {
          "widget-type": "textbox",
          "label": "Reference Name",
          "name": "referenceName",
          "widget-attributes": {
            "placeholder": "Name used to identify this sink for lineage"
          }
        },
        {
          "widget-type": "textbox",
          "label": "Driver Name",
          "name": "jdbcPluginName"
        },
        {
          "widget-type": "textbox",
          "label": "Connection String",
          "name": "connectionString"
        },
        {
          "widget-type": "textbox",
          "label": "Table Name",
          "name": "tableName"
        },
        {
          "widget-type": "hidden",
          "label": "Schema Name",
          "name": "dbSchemaName"
        }
      ]
    },
    {
      "label": "Credentials",
      "properties": [
        {
          "widget-type": "textbox",
          "label": "Username",
          "name": "user"
        },
        {
          "widget-type": "password",
          "label": "Password",
          "name": "password"
        }
      ]
    },
    {
      "label": "Advanced",
      "properties": [
        {
          "widget-type": "keyvalue",
          "label": "Connection Arguments",
          "name": "connectionArguments",
          "widget-attributes": {
            "showDelimiter": "false",
            "key-placeholder": "Key",
            "value-placeholder": "Value",
            "kv-delimiter": "=",
            "delimiter": ";"
          }
        },
        {
          "widget-type": "radio-group",
          "label": "Enable Auto-Commit",
          "name": "enableAutoCommit",
          "widget-attributes": {
            "layout": "inline",
            "default": "false",
            "options": [
              {
                "id": "true",
                "label": "True"
              },
              {
                "id": "false",
                "label": "False"
              }
            ]
          }
        },
        {
          "widget-type": "select",
          "label": "Transaction Isolation Level",
          "name": "transactionIsolationLevel",
          "widget-attributes": {
            "values": [
              "TRANSACTION_NONE",
              "TRANSACTION_READ_UNCOMMITTED",
              "TRANSACTION_READ_COMMITTED",
              "TRANSACTION_REPEATABLE_READ",
              "TRANSACTION_SERIALIZABLE"
            ],
            "default": "TRANSACTION_SERIALIZABLE"
          }
        }
      ]
    }
  ],
  "outputs": [],
  "jump-config": {
    "datasets": [
      {
        "ref-property-name": "referenceName"
      }
    ]
  }
}
