<?xml version="1.0"?>

<!--
  Copyright © 2014-2015 Cask Data, Inc.

  Licensed under the Apache License, Version 2.0 (the "License"); you may not
  use this file except in compliance with the License. You may obtain a copy of
  the License at

  http://www.apache.org/licenses/LICENSE-2.0

  Unless required by applicable law or agreed to in writing, software
  distributed under the License is distributed on an "AS IS" BASIS, WITHOUT
  WARRANTIES OR CONDITIONS OF ANY KIND, either express or implied. See the
  License for the specific language governing permissions and limitations under
  the License.
  -->

<!DOCTYPE suppressions PUBLIC
        "-//Puppy Crawl//DTD Suppressions 1.1//EN"
        "http://www.puppycrawl.com/dtds/suppressions_1_1.dtd">

<suppressions>

  <suppress checks="Javadoc.*" files=".*[/\\]src[/\\]test[/\\]java[/\\].*" />

  <suppress checks="JavadocPackage" files=".*[/\\]src[/\\](main|integration)[/\\]java[/\\].*" />
  <suppress checks="JavadocPackage" files=".*[/\\]src[/\\].*[/\\]internal[/\\].*" />

  <suppress checks="JavadocStyle" files=".*[/\\]src[/\\](main|integration)[/\\]java[/\\].*" />
  <suppress checks="JavadocStyle" files=".*[/\\]src[/\\].*[/\\]internal[/\\].*" />

  <suppress checks="RedundantModifier" files=".*[/\\]src[/\\]test[/\\]java[/\\].*" />


  <!-- copied from apache hadoop, won't fix style to keep diff minimal -->
  <suppress checks=".*" files=".*[/\\]LocalJobRunnerWithFix.java" />
  <suppress checks=".*" files=".*[/\\]org[/\\]apache[/\\]hadoop[/\\]util[/\\]Shell.java" />

  <!-- Do not delete, intentionally suppress the 'MethodName' and 'StaticVariableName' checks
    for MySqlConnectorConfig.java file, because we do not want to change the static method and variable name -->
  <suppress checks="MethodNameCheck" files="MySqlConnectorConfig.java" />
  <suppress checks="StaticVariableNameCheck" files="MySqlConnectorConfig.java" />

</suppressions>
